FORMATTED DATE-TIME,Temperature,Relative Humidity,Heat Stress Index,Dew Point,"Temp. Humidity Idx, NRC","Temp. Humidity Idx, Yousef"
2000-01-01 00:10:00,23.9,48.3,23.1,12.3,70.2,69.5
2000-01-01 00:20:00,24.0,50.2,23.4,13.0,70.5,69.9
2000-01-01 00:30:00,24.2,49.2,23.5,12.9,70.7,70.0
2000-01-01 00:40:00,24.0,49.6,23.2,12.8,70.4,69.8
2000-01-01 00:40:00,23.9,55.0,23.4,14.3,70.8,70.2
2000-01-01 00:50:00,23.9,52.6,23.4,13.7,70.6,70.1
2000-01-01 01:00:00,23.6,53.4,23.2,13.6,70.3,69.7
2000-01-01 01:10:00,23.7,54.3,23.2,13.9,70.4,69.9
2000-01-01 01:20:00,23.6,54.1,23.1,13.8,70.3,69.7
2000-01-01 01:30:00,23.5,53.9,23.1,13.6,70.2,69.6
2000-01-01 01:40:00,23.5,54.0,23.0,13.6,70.2,69.6
2000-01-01 01:50:00,23.4,53.9,23.0,13.6,70.1,69.5
2000-01-01 02:00:00,23.4,54.3,23.0,13.7,70.1,69.6
2000-01-01 02:10:00,23.5,54.3,23.0,13.7,70.2,69.6
2000-01-01 02:20:00,23.5,54.1,23.1,13.7,70.2,69.6
2000-01-01 02:30:00,23.5,54.0,23.1,13.7,70.2,69.7
2000-01-01 02:40:00,23.6,53.8,23.1,13.6,70.2,69.7
2000-01-01 02:50:00,23.6,53.5,23.1,13.6,70.2,69.6
2000-01-01 03:00:00,23.6,53.4,23.1,13.6,70.2,69.7
2000-01-01 03:10:00,23.6,53.4,23.1,13.6,70.2,69.7
2000-01-01 03:20:00,23.6,53.4,23.1,13.6,70.2,69.7
2000-01-01 03:30:00,23.6,53.5,23.1,13.6,70.2,69.7
2000-01-01 03:40:00,23.6,53.5,23.2,13.6,70.3,69.7
2000-01-01 03:50:00,23.6,53.6,23.2,13.7,70.3,69.8
2000-01-01 04:00:00,23.6,53.6,23.2,13.7,70.3,69.8
2000-01-01 04:10:00,23.7,53.6,23.2,13.7,70.4,69.8
2000-01-01 04:20:00,23.7,53.6,23.3,13.8,70.4,69.9
2000-01-01 04:30:00,23.8,53.6,23.3,13.8,70.5,69.9
2000-01-01 04:40:00,23.8,53.6,23.4,13.8,70.6,70.0
2000-01-01 04:50:00,23.9,53.7,23.4,13.9,70.6,70.1
2000-01-01 05:00:00,23.9,53.8,23.5,14.0,70.7,70.2
2000-01-01 05:10:00,24.0,53.6,23.5,14.0,70.8,70.2
2000-01-01 05:20:00,24.1,53.5,23.7,14.1,70.9,70.4
2000-01-01 05:30:00,24.2,53.4,23.7,14.1,71.0,70.4
2000-01-01 05:30:00,25.1,58.9,25.0,16.5,72.8,72.2
2021-05-21 17:40:00,25.6,40.5,24.5,11.2,71.5,70.9
2021-05-21 17:50:00,23.3,39.4,22.1,8.7,68.6,67.6
2021-05-21 18:00:00,22.6,43.0,21.8,9.4,68.1,67.2
2021-05-21 18:10:00,22.8,43.5,22.0,9.8,68.4,67.5
2021-05-21 18:20:00,23.0,44.3,22.2,10.2,68.8,67.9
2021-05-21 18:30:00,23.5,45.9,22.7,11.2,69.5,68.7
2021-05-21 18:40:00,24.1,46.4,23.2,11.9,70.3,69.6
2021-05-21 18:50:00,24.7,46.7,23.9,12.6,71.0,70.4
2021-05-21 19:00:00,25.2,46.8,24.5,13.1,71.7,71.1
2021-05-21 19:10:00,25.7,46.9,25.1,13.5,72.4,71.8
2021-05-21 19:20:00,26.1,46.9,25.6,13.9,72.9,72.3
2021-05-21 19:30:00,26.5,46.9,26.1,14.2,73.4,72.8
2021-05-21 19:40:00,26.8,46.8,26.5,14.5,73.8,73.2
2021-05-21 19:50:00,27.1,46.4,26.8,14.6,74.1,73.6
2021-05-21 20:00:00,27.2,45.8,26.7,14.5,74.1,73.6
2021-05-21 20:10:00,26.5,48.2,26.0,14.6,73.5,72.9
2021-05-21 20:20:00,23.8,54.6,23.4,14.1,70.6,70.1
2021-05-21 20:30:00,22.5,57.2,22.3,13.6,69.1,68.6
2021-05-21 20:40:00,21.8,61.0,21.7,13.9,68.3,68.0
2021-05-21 20:50:00,21.2,62.4,21.1,13.8,67.7,67.4
2021-05-21 21:00:00,20.8,61.6,20.6,13.2,67.0,66.8
2021-05-21 21:10:00,20.4,64.0,20.1,13.4,66.6,66.4
2021-05-21 21:20:00,20.1,64.0,19.7,13.1,66.2,66.0
2021-05-21 21:30:00,19.9,70.5,19.7,14.4,66.2,66.3
2021-05-21 21:40:00,20.2,72.2,20.2,15.0,66.8,66.8
2021-05-21 21:50:00,20.8,72.9,21.0,15.8,67.8,67.7
2021-05-21 22:00:00,21.4,75.4,21.9,16.9,68.9,68.7
2021-05-21 22:10:00,21.8,74.8,22.3,17.2,69.4,69.2
2021-05-21 22:20:00,22.5,72.5,23.0,17.4,70.4,70.0
2021-05-21 22:30:00,22.1,74.5,22.6,17.4,69.9,69.6
2021-05-21 22:40:00,21.8,75.1,22.4,17.2,69.4,69.2
2021-05-21 22:50:00,21.9,74.5,22.4,17.2,69.6,69.3
2021-05-21 23:00:00,21.2,57.5,21.0,12.5,67.3,66.9
2021-05-21 23:10:00,19.8,58.3,18.9,11.3,65.4,65.0
2021-05-21 23:20:00,19.0,58.6,17.9,10.8,64.4,64.1
2021-05-21 23:30:00,18.6,59.0,17.4,10.5,63.8,63.6
2021-05-21 23:40:00,18.5,62.1,17.3,11.1,63.8,63.7
2021-05-21 23:50:00,18.6,59.4,17.2,10.5,63.8,63.5
2021-05-22 00:00:00,18.6,57.9,17.1,10.1,63.7,63.4
2021-05-22 00:10:00,18.5,57.3,17.1,10.0,63.6,63.3
2021-05-22 00:20:00,18.6,57.1,17.3,10.0,63.8,63.4
2021-05-22 00:30:00,18.7,56.3,17.3,9.9,63.9,63.5
2021-05-22 00:40:00,18.8,55.5,17.5,9.7,64.0,63.5
2021-05-22 00:50:00,18.9,55.0,17.5,9.6,64.0,63.6
2021-05-22 01:00:00,18.9,54.5,17.6,9.6,64.1,63.6
2021-05-22 01:10:00,19.0,54.2,17.5,9.5,64.1,63.6
2021-05-22 01:20:00,19.0,53.9,17.5,9.4,64.1,63.6
2021-05-22 01:30:00,18.9,53.6,17.5,9.3,64.0,63.5
2021-05-22 01:40:00,18.9,53.3,17.5,9.2,64.0,63.4
2021-05-22 01:50:00,18.9,53.1,17.4,9.1,63.9,63.4
2021-05-22 02:00:00,18.8,52.9,17.4,9.0,63.8,63.2
2021-05-22 02:10:00,18.7,52.8,17.2,8.9,63.7,63.1
2021-05-22 02:20:00,18.6,52.6,17.1,8.8,63.6,63.0
2021-05-22 02:30:00,18.6,52.4,16.8,8.6,63.5,62.9
2021-05-22 02:40:00,18.5,52.3,16.7,8.5,63.4,62.8
2021-05-22 02:50:00,18.4,52.2,16.6,8.4,63.2,62.6
2021-05-22 03:00:00,18.3,52.1,16.5,8.3,63.1,62.4
2021-05-22 03:10:00,18.2,52.0,16.4,8.1,62.9,62.3
2021-05-22 03:20:00,18.0,51.9,16.3,8.0,62.8,62.1
2021-05-22 03:30:00,17.9,51.8,16.2,7.9,62.6,62.0
2021-05-22 03:40:00,17.8,51.7,16.0,7.7,62.4,61.8
2021-05-22 03:50:00,17.7,51.6,15.9,7.6,62.2,61.6
2021-05-22 04:00:00,17.5,51.6,15.8,7.5,62.1,61.4
2021-05-22 04:10:00,17.4,51.5,15.7,7.3,61.9,61.2
2021-05-22 04:20:00,17.3,51.4,15.6,7.2,61.7,61.1
2021-05-22 04:30:00,17.1,51.4,15.5,7.0,61.6,60.9
2021-05-22 04:40:00,17.0,51.3,15.4,6.9,61.4,60.7
2021-05-22 04:50:00,16.9,51.3,15.2,6.8,61.2,60.5
2021-05-22 05:00:00,16.8,51.2,15.1,6.6,61.0,60.3
2021-05-22 05:10:00,16.6,51.2,15.0,6.5,60.9,60.2
2021-05-22 05:20:00,16.5,51.1,14.8,6.4,60.7,60.0
2021-05-22 05:30:00,16.4,51.1,14.7,6.2,60.5,59.8
2021-05-22 05:40:00,16.2,51.0,14.6,6.1,60.4,59.6
2021-05-22 05:50:00,16.1,51.0,14.5,6.0,60.2,59.4
2021-05-22 06:00:00,16.0,51.0,14.4,5.9,60.0,59.3
2021-05-22 06:10:00,15.8,50.9,14.3,5.7,59.8,59.1
2021-05-22 06:20:00,15.7,50.9,14.1,5.5,59.6,58.9
2021-05-22 06:30:00,15.6,50.9,14.0,5.4,59.5,58.7
2021-05-22 06:40:00,15.4,50.9,13.9,5.3,59.3,58.6
2021-05-22 06:50:00,15.3,50.8,13.8,5.2,59.2,58.4
2021-05-22 07:00:00,15.2,50.8,13.7,5.1,59.1,58.3
2021-05-22 07:10:00,15.1,50.8,13.6,5.0,58.9,58.2
2021-05-22 07:20:00,15.1,50.7,13.6,4.9,58.8,58.1
2021-05-22 07:30:00,15.0,50.7,13.5,4.9,58.7,58.0
2021-05-22 07:40:00,15.0,50.6,13.4,4.8,58.7,57.9
2021-05-22 07:50:00,15.0,50.6,13.4,4.8,58.7,57.9
2021-05-22 08:00:00,15.0,50.6,13.5,4.9,58.8,58.0
2021-05-22 08:10:00,15.1,50.6,13.5,4.9,58.8,58.0
2021-05-22 08:20:00,15.1,50.6,13.6,5.0,58.9,58.1
2021-05-22 08:30:00,15.2,50.9,13.7,5.2,59.1,58.3
2021-05-22 08:40:00,15.4,51.1,13.8,5.3,59.2,58.5
2021-05-22 08:50:00,15.5,51.3,14.0,5.5,59.4,58.7
2021-05-22 09:00:00,15.7,51.4,14.1,5.7,59.6,58.9
2021-05-22 09:10:00,15.9,51.5,14.3,5.9,59.9,59.2
2021-05-22 09:20:00,16.1,51.5,14.5,6.1,60.2,59.5
2021-05-22 09:30:00,16.3,51.6,14.6,6.3,60.4,59.8
2021-05-22 09:40:00,16.6,51.6,14.9,6.6,60.8,60.1
2021-05-22 09:50:00,16.8,51.6,15.2,6.8,61.1,60.5
2021-05-22 10:00:00,17.1,51.6,15.5,7.1,61.5,60.9
2021-05-22 10:10:00,17.4,51.6,15.7,7.4,62.0,61.3
2021-05-22 10:20:00,17.8,51.7,16.1,7.8,62.5,61.8
2021-05-22 10:30:00,18.2,51.8,16.5,8.2,63.0,62.4
2021-05-22 10:40:00,18.7,51.8,17.1,8.6,63.6,63.0
2021-05-22 10:50:00,19.2,51.9,17.8,9.1,64.3,63.7
2021-05-22 11:00:00,19.8,51.9,18.6,9.6,65.1,64.4
2021-05-22 11:10:00,20.4,51.8,19.4,10.2,65.9,65.2
2021-05-22 11:20:00,21.0,51.8,20.4,10.8,66.7,66.1
2021-05-22 11:30:00,21.7,51.7,21.3,11.3,67.6,67.0
2021-05-22 11:40:00,22.4,51.5,22.0,11.9,68.5,67.9
2021-05-22 11:50:00,23.1,51.4,22.6,12.6,69.5,68.9
2021-05-22 12:00:00,23.9,51.2,23.2,13.2,70.4,69.9
2021-05-22 12:10:00,24.7,51.0,24.0,13.9,71.4,70.9
2021-05-22 12:20:00,25.5,50.8,25.0,14.5,72.5,71.9
2021-05-22 12:30:00,26.3,50.5,26.0,15.2,73.5,72.9
2021-05-22 12:40:00,26.8,48.7,26.6,15.1,74.0,73.5
2021-05-22 12:50:00,26.5,47.3,26.1,14.4,73.4,72.9
2021-05-22 13:00:00,25.7,46.4,25.0,13.4,72.3,71.7
2021-05-22 13:10:00,24.8,46.1,23.9,12.4,71.1,70.5
2021-05-22 13:20:00,24.2,46.7,23.4,12.1,70.4,69.8
2021-05-22 13:30:00,24.2,47.7,23.4,12.4,70.6,69.9
2021-05-22 13:40:00,24.5,48.6,23.7,13.0,71.0,70.3
2021-05-22 13:50:00,24.9,49.0,24.1,13.4,71.5,70.9
2021-05-22 14:00:00,25.5,50.1,25.0,14.3,72.4,71.8
2021-05-22 14:10:00,25.6,46.8,25.0,13.4,72.2,71.6
2021-05-22 14:20:00,25.5,46.9,24.7,13.3,72.1,71.5
2021-05-22 14:30:00,25.8,47.9,25.1,13.9,72.6,72.0
2021-05-22 14:40:00,26.0,47.4,25.5,14.0,72.8,72.2
2021-05-22 14:50:00,25.8,46.8,25.2,13.6,72.5,71.9
2021-05-22 15:00:00,26.0,47.3,25.5,14.0,72.8,72.3
2021-05-22 15:10:00,26.5,47.9,26.0,14.5,73.4,72.9
2021-05-22 15:20:00,27.0,48.2,26.8,15.2,74.2,73.7
2021-05-22 15:30:00,27.7,48.3,27.6,15.8,75.1,74.6
2021-05-22 15:40:00,28.4,48.1,28.6,16.4,75.9,75.4
2021-05-22 15:50:00,29.1,47.9,29.8,16.9,76.8,76.4
2021-05-22 16:00:00,29.8,47.6,30.9,17.4,77.6,77.2
2021-05-22 16:10:00,30.4,47.3,32.0,18.0,78.4,78.1
2021-05-22 16:20:00,31.0,47.1,32.9,18.4,79.1,78.8
2021-05-22 16:30:00,31.6,46.7,33.8,18.8,79.8,79.6
2021-05-22 16:40:00,32.1,46.5,35.0,19.2,80.4,80.2
2021-05-22 16:50:00,32.6,46.3,35.7,19.6,81.0,80.8
2021-05-22 17:00:00,33.0,46.1,36.4,19.8,81.5,81.3
2021-05-22 17:10:00,33.4,45.9,37.2,20.1,81.9,81.8
2021-05-22 17:20:00,33.6,45.8,37.7,20.3,82.2,82.1
2021-05-22 17:30:00,33.7,40.1,36.4,18.3,81.3,81.5
2021-05-22 17:40:00,33.4,38.9,35.3,17.5,80.6,80.9
2021-05-22 17:50:00,32.3,37.6,33.4,16.0,79.1,79.3
2021-05-22 18:00:00,31.6,39.4,32.5,16.1,78.6,78.6
2021-05-22 18:10:00,31.5,40.1,32.3,16.3,78.6,78.6
2021-05-22 18:20:00,31.4,40.5,32.2,16.3,78.5,78.4
2021-05-22 18:30:00,31.2,40.8,32.0,16.4,78.4,78.3
2021-05-22 18:40:00,31.1,41.0,32.0,16.4,78.3,78.2
2021-05-22 18:50:00,31.0,41.2,31.8,16.3,78.2,78.1
2021-05-22 19:00:00,30.9,41.3,31.7,16.2,78.0,77.9
2021-05-22 19:10:00,30.8,41.4,31.4,16.2,77.9,77.8
2021-05-22 19:20:00,30.7,41.4,31.2,16.1,77.8,77.7
2021-05-22 19:30:00,30.6,41.4,31.1,16.0,77.7,77.5
2021-05-22 19:40:00,30.5,41.4,30.9,15.9,77.5,77.4
2021-05-22 19:50:00,30.3,41.3,30.8,15.8,77.4,77.2
2021-05-22 20:00:00,30.2,41.4,30.6,15.7,77.2,77.1
2021-05-22 20:10:00,29.4,44.7,29.7,16.1,76.7,76.4
2021-05-22 20:20:00,28.0,49.1,28.1,16.3,75.5,75.0
2021-05-22 20:30:00,26.8,48.6,26.5,15.1,74.0,73.4
2021-05-22 20:40:00,23.6,71.6,24.1,18.2,72.0,71.4
2021-05-22 20:50:00,22.1,75.9,22.7,17.7,70.0,69.7
2021-05-22 21:00:00,21.4,78.2,21.9,17.4,69.0,68.9
2021-05-22 21:10:00,21.0,79.6,21.4,17.3,68.4,68.4
2021-05-22 21:20:00,20.7,80.5,21.0,17.2,68.0,68.1
2021-05-22 21:30:00,20.4,81.1,20.8,17.1,67.6,67.8
2021-05-22 21:40:00,20.4,82.1,20.8,17.2,67.7,67.8
2021-05-22 21:50:00,20.8,82.4,21.2,17.7,68.3,68.3
2021-05-22 22:00:00,20.9,83.4,21.5,18.0,68.6,68.6
2021-05-22 22:10:00,20.9,83.7,21.5,18.1,68.6,68.6
2021-05-22 22:20:00,21.1,83.9,21.6,18.2,68.9,68.8
2021-05-22 22:30:00,21.1,84.0,21.8,18.3,69.0,68.9
2021-05-22 22:40:00,21.3,77.3,21.8,17.2,68.8,68.7
2021-05-22 22:50:00,20.5,80.5,20.7,17.0,67.7,67.8
2021-05-22 23:00:00,20.2,81.2,20.4,16.8,67.2,67.4
2021-05-22 23:10:00,20.5,79.5,20.9,16.9,67.8,67.8
2021-05-22 23:20:00,20.8,77.4,21.2,16.7,68.0,68.0
2021-05-22 23:30:00,20.9,75.4,21.3,16.4,68.1,68.0
2021-05-22 23:40:00,21.0,73.6,21.2,16.0,68.0,67.9
2021-05-22 23:50:00,21.0,72.2,21.1,15.8,67.9,67.8
2021-05-23 00:00:00,21.0,70.9,21.0,15.5,67.8,67.7
2021-05-23 00:10:00,20.9,69.7,21.0,15.2,67.7,67.6
2021-05-23 00:20:00,20.9,68.5,20.8,14.9,67.6,67.4
2021-05-23 00:30:00,20.8,67.4,20.8,14.6,67.4,67.3
2021-05-23 00:40:00,20.8,66.3,20.7,14.3,67.3,67.1
2021-05-23 00:50:00,20.8,65.1,20.6,14.0,67.2,67.0
2021-05-23 01:00:00,20.7,63.8,20.6,13.6,67.0,66.8
2021-05-23 01:10:00,20.7,62.7,20.3,13.3,66.9,66.7
2021-05-23 01:20:00,20.6,61.7,20.3,13.0,66.8,66.5
2021-05-23 01:30:00,20.6,60.8,20.1,12.8,66.7,66.4
2021-05-23 01:40:00,20.5,60.0,20.0,12.5,66.6,66.2
2021-05-23 01:50:00,20.5,59.2,20.0,12.3,66.4,66.1
2021-05-23 02:00:00,20.4,58.5,19.9,12.0,66.3,66.0
2021-05-23 02:10:00,20.4,57.9,19.7,11.8,66.2,65.8
2021-05-23 02:20:00,20.3,57.3,19.5,11.6,66.1,65.7
2021-05-23 02:30:00,20.2,56.8,19.5,11.4,65.9,65.5
2021-05-23 02:40:00,20.1,56.3,19.3,11.2,65.8,65.4
2021-05-23 02:50:00,20.0,55.8,19.2,11.0,65.6,65.2
2021-05-23 03:00:00,20.0,55.5,19.1,10.8,65.5,65.1
2021-05-23 03:10:00,19.9,55.2,18.9,10.6,65.4,64.9
2021-05-23 03:20:00,19.8,54.9,18.7,10.5,65.2,64.8
2021-05-23 03:30:00,19.7,54.6,18.7,10.3,65.1,64.6
2021-05-23 03:40:00,19.6,54.4,18.5,10.1,65.0,64.5
2021-05-23 03:50:00,19.5,54.1,18.4,10.0,64.8,64.3
2021-05-23 04:00:00,19.4,53.9,18.2,9.9,64.7,64.2
2021-05-23 04:10:00,19.3,53.7,18.1,9.7,64.5,64.0
2021-05-23 04:20:00,19.2,53.5,17.9,9.6,64.4,63.9
2021-05-23 04:30:00,19.1,53.4,17.8,9.4,64.3,63.7
2021-05-23 04:40:00,19.0,53.2,17.7,9.3,64.1,63.6
2021-05-23 04:50:00,18.9,53.0,17.5,9.2,64.0,63.4
2021-05-23 05:00:00,18.8,52.9,17.4,9.0,63.9,63.3
2021-05-23 05:10:00,18.7,52.8,17.2,8.9,63.7,63.2
2021-05-23 05:20:00,18.6,52.6,17.1,8.8,63.6,63.0
2021-05-23 05:30:00,18.6,52.6,16.9,8.7,63.5,62.9
2021-05-23 05:40:00,18.5,52.5,16.9,8.6,63.4,62.8
2021-05-23 05:50:00,18.4,52.4,16.7,8.5,63.3,62.7
2021-05-23 06:00:00,18.3,52.4,16.6,8.4,63.2,62.6
2021-05-23 06:10:00,18.3,52.3,16.5,8.4,63.1,62.5
2021-05-23 06:20:00,18.2,52.3,16.5,8.3,63.0,62.4
2021-05-23 06:30:00,18.1,52.2,16.4,8.2,62.9,62.3
2021-05-23 06:40:00,18.1,52.2,16.3,8.1,62.8,62.2
2021-05-23 06:50:00,18.0,52.2,16.3,8.0,62.7,62.1
2021-05-23 07:00:00,17.9,52.1,16.2,8.0,62.6,62.0
2021-05-23 07:10:00,17.9,52.2,16.1,7.9,62.6,62.0
2021-05-23 07:20:00,17.8,52.2,16.1,7.9,62.5,61.9
2021-05-23 07:30:00,17.8,52.3,16.0,7.9,62.4,61.8
2021-05-23 07:40:00,17.7,52.4,16.0,7.9,62.4,61.8
2021-05-23 07:50:00,17.7,52.5,16.1,7.9,62.3,61.7
2021-05-23 08:00:00,17.7,52.6,16.1,7.9,62.4,61.8
2021-05-23 08:10:00,17.8,52.8,16.2,8.1,62.5,62.0
2021-05-23 08:20:00,18.0,53.1,16.3,8.3,62.7,62.1
2021-05-23 08:30:00,18.1,53.3,16.4,8.5,62.9,62.3
2021-05-23 08:40:00,18.2,53.5,16.6,8.6,63.0,62.5
2021-05-23 08:50:00,18.3,53.7,16.7,8.8,63.2,62.7
2021-05-23 09:00:00,18.4,53.9,16.8,8.9,63.4,62.9
2021-05-23 09:10:00,18.6,54.1,17.1,9.2,63.6,63.1
2021-05-23 09:20:00,18.8,54.4,17.3,9.4,63.8,63.4
2021-05-23 09:30:00,19.0,54.7,17.6,9.7,64.1,63.7
2021-05-23 09:40:00,19.2,55.0,18.0,9.9,64.4,64.0
2021-05-23 09:50:00,19.4,55.2,18.3,10.2,64.8,64.3
2021-05-23 10:00:00,19.7,55.4,18.8,10.5,65.2,64.7
2021-05-23 10:10:00,20.0,55.6,19.1,10.8,65.5,65.1
2021-05-23 10:20:00,20.2,55.7,19.5,11.1,65.9,65.4
2021-05-23 10:30:00,20.5,55.8,19.9,11.4,66.2,65.8
2021-05-23 10:40:00,20.8,55.9,20.2,11.7,66.6,66.2
2021-05-23 10:50:00,21.1,56.0,20.6,12.0,67.0,66.6
2021-05-23 11:00:00,21.4,56.0,21.1,12.2,67.4,67.0
2021-05-23 11:10:00,21.6,56.1,21.4,12.5,67.8,67.3
2021-05-23 11:20:00,21.9,56.2,21.6,12.8,68.2,67.7
2021-05-23 11:30:00,22.2,56.4,22.0,13.2,68.6,68.2
2021-05-23 11:40:00,22.6,56.8,22.3,13.6,69.1,68.6
2021-05-23 11:50:00,22.9,57.1,22.7,14.0,69.7,69.2
2021-05-23 12:00:00,23.3,57.4,23.1,14.4,70.2,69.7
2021-05-23 12:10:00,23.5,54.8,23.0,13.8,70.2,69.6
2021-05-23 12:20:00,23.4,53.0,23.0,13.3,70.0,69.4
2021-05-23 12:30:00,23.5,53.0,23.0,13.4,70.1,69.5
2021-05-23 12:40:00,23.5,52.0,22.9,13.1,70.0,69.4
2021-05-23 12:50:00,23.7,52.8,23.2,13.5,70.4,69.8
2021-05-23 13:00:00,24.1,53.3,23.6,14.0,71.0,70.4
2021-05-23 13:10:00,24.6,53.8,24.2,14.6,71.6,71.1
2021-05-23 13:20:00,25.1,54.1,24.8,15.2,72.4,71.8
2021-05-23 13:30:00,25.8,54.4,25.7,15.9,73.3,72.7
2021-05-23 13:40:00,26.4,54.7,26.6,16.6,74.2,73.6
2021-05-23 13:50:00,27.1,54.9,27.6,17.3,75.1,74.5
2021-05-23 14:00:00,27.8,54.9,28.6,17.9,76.1,75.4
2021-05-23 14:10:00,28.5,54.9,29.9,18.6,77.1,76.4
2021-05-23 14:20:00,29.2,54.9,31.2,19.2,78.0,77.4
2021-05-23 14:30:00,30.0,54.7,32.5,19.9,79.0,78.3
2021-05-23 14:40:00,30.7,54.4,33.9,20.5,80.0,79.3
2021-05-23 14:50:00,31.4,54.2,35.3,21.0,80.8,80.2
2021-05-23 15:00:00,32.1,53.8,36.9,21.6,81.7,81.1
2021-05-23 15:10:00,32.8,53.4,38.1,22.1,82.5,81.9
2021-05-23 15:20:00,33.4,52.9,39.3,22.5,83.3,82.7
2021-05-23 15:30:00,33.9,52.4,40.6,22.8,83.9,83.4
2021-05-23 15:40:00,34.5,51.9,41.5,23.2,84.5,84.0
2021-05-23 15:50:00,35.0,51.5,42.6,23.4,85.0,84.6
2021-05-23 16:00:00,35.4,51.0,43.5,23.7,85.5,85.1
2021-05-23 16:10:00,35.8,50.7,44.3,24.0,86.0,85.6
2021-05-23 16:20:00,36.2,50.4,45.2,24.2,86.4,86.1
2021-05-23 16:30:00,36.5,50.1,46.2,24.4,86.8,86.5
2021-05-23 16:40:00,36.9,49.9,46.8,24.7,87.2,86.9
2021-05-23 16:50:00,37.1,49.7,47.5,24.8,87.5,87.3
2021-05-23 17:00:00,37.4,49.5,47.9,25.0,87.8,87.6
2021-05-23 17:10:00,37.6,49.4,48.6,25.2,88.1,87.9
2021-05-23 17:20:00,37.8,49.4,49.1,25.4,88.4,88.2
2021-05-23 17:30:00,38.0,49.2,49.7,25.5,88.6,88.4
2021-05-23 17:40:00,38.2,49.1,50.2,25.6,88.8,88.6
2021-05-23 17:50:00,38.4,48.9,50.3,25.7,89.0,88.8
2021-05-23 18:00:00,38.5,48.7,50.8,25.8,89.1,89.0
2021-05-23 18:10:00,38.6,48.6,51.0,25.8,89.2,89.1
2021-05-23 18:20:00,38.8,48.4,51.2,25.9,89.3,89.3
2021-05-23 18:30:00,38.8,48.1,51.3,25.9,89.4,89.3
2021-05-23 18:40:00,38.9,47.8,51.1,25.8,89.4,89.4
2021-05-23 18:50:00,38.9,47.5,51.1,25.7,89.3,89.4
2021-05-23 19:00:00,38.9,47.0,50.9,25.6,89.2,89.3
2021-05-23 19:10:00,38.9,46.5,50.6,25.4,89.1,89.2
2021-05-23 19:20:00,38.8,45.7,49.8,25.0,88.8,89.0
2021-05-23 19:30:00,38.4,37.4,44.8,21.3,86.3,87.3
2021-05-23 19:40:00,37.5,33.7,41.4,18.9,84.4,85.5
2021-05-23 19:50:00,35.0,36.3,37.7,17.9,82.1,82.7
2021-05-23 20:00:00,32.5,39.5,34.1,17.0,79.7,79.8
2021-05-23 20:10:00,29.9,67.1,34.8,23.1,80.7,79.4
2021-05-23 20:20:00,26.4,63.2,27.5,18.9,75.2,74.4
2021-05-23 20:30:00,25.0,66.4,25.5,18.3,73.5,72.8
2021-05-23 20:40:00,24.2,68.8,24.6,18.2,72.6,72.0
2021-05-23 20:50:00,23.7,70.5,24.3,18.0,72.0,71.4
2021-05-23 21:00:00,23.5,72.0,23.9,18.1,71.7,71.2
2021-05-23 21:10:00,23.7,73.8,24.4,18.8,72.3,71.7
2021-05-23 21:20:00,23.7,73.9,24.3,18.7,72.2,71.6
2021-05-23 21:30:00,24.0,75.3,24.8,19.3,72.8,72.1
2021-05-23 21:40:00,24.0,74.9,24.7,19.2,72.8,72.1
2021-05-23 21:50:00,23.5,78.3,24.4,19.5,72.4,71.7
2021-05-23 22:00:00,23.3,81.2,24.3,19.9,72.4,71.7
2021-05-23 22:10:00,23.4,79.0,24.3,19.6,72.3,71.7
2021-05-23 22:20:00,23.2,79.5,24.2,19.5,72.0,71.4
2021-05-23 22:30:00,22.9,80.5,23.7,19.4,71.6,71.0
2021-05-23 22:40:00,22.8,81.1,23.6,19.4,71.4,70.9
2021-05-23 22:50:00,23.9,66.1,24.1,17.2,71.8,71.3
2021-05-23 23:00:00,22.7,67.2,22.9,16.3,70.1,69.7
2021-05-23 23:10:00,22.1,69.6,22.5,16.3,69.6,69.2
2021-05-23 23:20:00,22.3,65.2,22.5,15.4,69.4,69.1
2021-05-23 23:30:00,22.1,61.2,22.0,14.2,68.8,68.4
2021-05-23 23:40:00,22.1,62.8,22.2,14.7,69.0,68.6
2021-05-23 23:50:00,22.3,62.3,22.4,14.8,69.2,68.8
2021-05-24 00:00:00,22.5,61.2,22.5,14.7,69.4,69.0
2021-05-24 00:10:00,22.7,60.2,22.7,14.6,69.6,69.2
2021-05-24 00:20:00,22.8,59.1,22.7,14.4,69.7,69.2
2021-05-24 00:30:00,22.9,58.0,22.8,14.2,69.7,69.2
2021-05-24 00:40:00,23.0,57.1,22.7,14.0,69.8,69.2
2021-05-24 00:50:00,23.0,56.3,22.8,13.8,69.7,69.2
2021-05-24 01:00:00,23.0,55.6,22.8,13.7,69.6,69.1
2021-05-24 01:10:00,23.0,55.0,22.8,13.5,69.6,69.1
2021-05-24 01:20:00,23.0,54.5,22.6,13.3,69.5,69.0
2021-05-24 01:30:00,23.0,54.0,22.6,13.2,69.4,68.9
2021-05-24 01:40:00,22.9,53.6,22.6,13.0,69.3,68.8
2021-05-24 01:50:00,22.9,53.2,22.4,12.8,69.2,68.7
2021-05-24 02:00:00,22.8,53.0,22.4,12.7,69.2,68.6
2021-05-24 02:10:00,22.8,52.7,22.3,12.6,69.1,68.5
2021-05-24 02:20:00,22.8,52.5,22.3,12.5,69.0,68.5
2021-05-24 02:30:00,22.7,52.3,22.3,12.5,69.0,68.4
2021-05-24 02:40:00,22.7,52.1,22.3,12.4,69.0,68.4
2021-05-24 02:50:00,22.7,51.9,22.2,12.3,68.9,68.3
2021-05-24 03:00:00,22.6,51.7,22.2,12.2,68.8,68.2
2021-05-24 03:10:00,22.6,51.6,22.1,12.1,68.7,68.1
2021-05-24 03:20:00,22.5,51.4,22.1,12.0,68.7,68.0
2021-05-24 03:30:00,22.5,51.3,22.0,11.9,68.6,68.0
2021-05-24 03:40:00,22.4,51.1,22.0,11.8,68.5,67.9
2021-05-24 03:50:00,22.4,51.0,21.9,11.7,68.4,67.8
2021-05-24 04:00:00,22.3,50.8,21.8,11.6,68.3,67.7
2021-05-24 04:10:00,22.2,50.7,21.8,11.5,68.2,67.6
2021-05-24 04:20:00,22.1,50.6,21.7,11.4,68.1,67.4
2021-05-24 04:30:00,22.1,50.5,21.6,11.3,68.0,67.3
2021-05-24 04:40:00,22.0,50.3,21.5,11.2,67.8,67.2
2021-05-24 04:50:00,21.9,50.2,21.4,11.0,67.7,67.0
2021-05-24 05:00:00,21.8,50.1,21.3,10.9,67.6,66.9
2021-05-24 05:10:00,21.7,49.9,21.1,10.8,67.4,66.8
2021-05-24 05:20:00,21.6,49.8,21.1,10.7,67.3,66.6
2021-05-24 05:30:00,21.5,49.7,20.9,10.6,67.2,66.5
2021-05-24 05:40:00,21.4,49.6,20.8,10.4,67.0,66.3
2021-05-24 05:50:00,21.3,49.5,20.6,10.3,66.9,66.2
2021-05-24 06:00:00,21.2,49.4,20.5,10.2,66.7,66.0
2021-05-24 06:10:00,21.1,49.3,20.3,10.0,66.6,65.9
2021-05-24 06:20:00,21.0,49.2,20.2,9.9,66.4,65.7
2021-05-24 06:30:00,20.8,49.2,20.0,9.8,66.3,65.6
2021-05-24 06:40:00,20.8,49.1,19.9,9.7,66.2,65.4
2021-05-24 06:50:00,20.7,49.1,19.8,9.6,66.0,65.3
2021-05-24 07:00:00,20.6,49.0,19.6,9.5,65.9,65.2
2021-05-24 07:10:00,20.5,49.0,19.6,9.4,65.8,65.1
2021-05-24 07:20:00,20.4,49.0,19.5,9.3,65.7,65.0
2021-05-24 07:30:00,20.4,49.0,19.3,9.3,65.7,64.9
2021-05-24 07:40:00,20.4,49.2,19.3,9.4,65.7,64.9
2021-05-24 07:50:00,20.4,49.3,19.3,9.4,65.7,65.0
2021-05-24 08:00:00,20.5,49.5,19.5,9.6,65.8,65.1
2021-05-24 08:10:00,20.6,49.6,19.6,9.7,66.0,65.2
2021-05-24 08:20:00,20.7,49.7,19.9,9.8,66.2,65.5
2021-05-24 08:30:00,20.9,49.9,20.2,10.1,66.4,65.7
2021-05-24 08:40:00,21.1,50.2,20.6,10.3,66.7,66.0
2021-05-24 08:50:00,21.4,50.4,21.0,10.7,67.1,66.4
2021-05-24 09:00:00,21.7,50.6,21.2,11.0,67.5,66.8
2021-05-24 09:10:00,22.0,50.9,21.6,11.4,68.0,67.3
2021-05-24 09:20:00,22.4,51.1,21.9,11.8,68.5,67.8
2021-05-24 09:30:00,22.8,51.3,22.2,12.2,69.0,68.4
2021-05-24 09:40:00,23.2,51.4,22.7,12.6,69.6,69.0
2021-05-24 09:50:00,23.7,51.6,23.1,13.1,70.2,69.6
2021-05-24 10:00:00,24.2,51.8,23.6,13.6,70.9,70.3
2021-05-24 10:10:00,24.7,51.9,24.2,14.2,71.6,71.0
2021-05-24 10:20:00,25.3,52.1,24.8,14.8,72.4,71.8
2021-05-24 10:30:00,25.9,52.2,25.8,15.4,73.2,72.7
2021-05-24 10:40:00,26.6,52.3,26.6,16.0,74.1,73.5
2021-05-24 10:50:00,27.3,52.4,27.5,16.7,75.0,74.5
2021-05-24 11:00:00,28.0,52.4,28.5,17.3,76.0,75.4
2021-05-24 11:10:00,28.7,52.4,29.7,18.0,76.9,76.3
2021-05-24 11:20:00,29.3,52.3,31.0,18.5,77.8,77.2
2021-05-24 11:30:00,30.0,52.2,32.0,19.1,78.6,78.0
2021-05-24 11:40:00,30.6,52.1,33.3,19.7,79.4,78.9
2021-05-24 11:50:00,31.3,52.0,34.4,20.2,80.3,79.8
2021-05-24 12:00:00,32.0,51.7,35.8,20.8,81.2,80.6
2021-05-24 12:10:00,32.6,51.5,37.3,21.3,82.0,81.5
2021-05-24 12:20:00,33.2,51.3,38.5,21.8,82.8,82.3
2021-05-24 12:30:00,33.9,51.0,39.9,22.3,83.6,83.1
2021-05-24 12:40:00,34.4,50.8,41.1,22.8,84.2,83.8
2021-05-24 12:50:00,35.0,50.5,42.5,23.2,85.0,84.6
2021-05-24 13:00:00,35.6,50.2,43.9,23.7,85.7,85.3
2021-05-24 13:10:00,36.2,50.0,45.1,24.1,86.3,86.0
2021-05-24 13:20:00,36.7,49.8,46.5,24.5,87.0,86.8
2021-05-24 13:30:00,37.3,49.6,47.6,24.9,87.7,87.4
2021-05-24 13:40:00,37.8,49.4,48.8,25.4,88.3,88.1
2021-05-24 13:50:00,38.3,49.2,50.2,25.7,88.9,88.8
2021-05-24 14:00:00,38.8,48.9,51.5,26.1,89.5,89.4
2021-05-24 14:10:00,39.3,48.7,52.8,26.5,90.1,90.0
2021-05-24 14:20:00,39.7,48.5,54.1,26.8,90.6,90.5
2021-05-24 14:30:00,40.1,48.4,55.1,27.1,91.1,91.1
2021-05-24 14:40:00,40.6,48.2,56.1,27.4,91.6,91.6
2021-05-24 14:50:00,40.9,48.0,57.3,27.8,92.0,92.1
2021-05-24 15:00:00,41.3,47.8,58.0,28.0,92.4,92.5
2021-05-24 15:10:00,41.5,47.6,58.9,28.1,92.7,92.8
2021-05-24 15:20:00,41.7,47.4,59.0,28.2,92.9,93.0
2021-05-24 15:30:00,41.5,46.2,57.7,27.6,92.3,92.7
2021-05-24 15:40:00,40.4,45.6,54.0,26.4,90.8,91.2
2021-05-24 15:50:00,40.0,46.3,53.4,26.3,90.5,90.7
2021-05-24 16:00:00,39.9,46.5,53.4,26.3,90.4,90.6
2021-05-24 16:10:00,39.5,43.8,50.7,24.9,89.2,89.7
2021-05-24 16:20:00,38.4,43.7,47.8,23.9,87.8,88.2
2021-05-24 16:30:00,38.0,44.4,46.8,23.7,87.4,87.7
2021-05-24 16:40:00,37.8,44.7,46.4,23.7,87.2,87.5
2021-05-24 16:50:00,37.7,44.8,46.2,23.6,87.1,87.4
2021-05-24 17:00:00,37.5,44.8,46.0,23.5,87.0,87.2
2021-05-24 17:10:00,37.5,44.8,45.7,23.4,86.9,87.1
2021-05-24 17:20:00,37.4,44.8,45.5,23.4,86.8,87.0
2021-05-24 17:30:00,37.3,44.8,45.2,23.3,86.6,86.9
2021-05-24 17:40:00,37.2,44.7,45.2,23.2,86.5,86.8
2021-05-24 17:50:00,37.1,44.7,45.0,23.1,86.4,86.6
2021-05-24 18:00:00,37.1,44.7,44.7,23.0,86.4,86.6
2021-05-24 18:10:00,37.1,44.7,44.7,23.0,86.3,86.6
2021-05-24 18:20:00,37.0,44.6,44.7,23.0,86.2,86.5
2021-05-24 18:30:00,37.0,44.6,44.5,22.9,86.2,86.4
2021-05-24 18:40:00,36.9,44.5,44.4,22.9,86.1,86.4
2021-05-24 18:50:00,36.9,44.4,44.2,22.8,86.0,86.3
2021-05-24 19:00:00,36.8,44.4,44.2,22.7,86.0,86.2
2021-05-24 19:10:00,36.7,44.4,44.0,22.6,85.9,86.1
2021-05-24 19:20:00,36.6,44.4,43.8,22.6,85.8,86.0
2021-05-24 19:30:00,35.6,41.5,40.3,20.5,83.8,84.2
2021-05-24 19:40:00,34.5,39.9,37.6,18.9,82.1,82.5
2021-05-24 19:50:00,32.8,42.0,35.0,18.2,80.4,80.5
2021-05-24 20:00:00,31.2,45.6,32.9,18.1,79.2,79.0
2021-05-24 20:10:00,30.0,48.0,31.3,17.8,78.0,77.6
2021-05-24 20:20:00,27.1,71.2,29.6,21.5,77.2,76.1
2021-05-24 20:30:00,26.2,75.5,28.5,21.5,76.3,75.1
2021-05-24 20:40:00,25.5,76.5,27.3,21.1,75.4,74.3
2021-05-24 20:50:00,25.2,77.2,26.5,20.9,74.9,73.9
2021-05-24 21:00:00,24.4,79.6,25.5,20.6,73.9,73.0
2021-05-24 21:10:00,24.1,81.5,25.2,20.7,73.6,72.7
2021-05-24 21:20:00,24.6,85.9,26.2,22.1,74.9,73.8
2021-05-24 21:30:00,25.4,85.6,27.9,22.8,76.2,74.9
2021-05-24 21:40:00,24.9,87.7,26.8,22.7,75.5,74.3
2021-05-24 21:50:00,24.5,93.2,26.7,23.4,75.5,74.2
2021-05-24 22:00:00,24.2,90.4,25.9,22.5,74.6,73.5
2021-05-24 22:10:00,24.0,93.0,25.8,22.8,74.5,73.4
2021-05-24 22:20:00,24.0,93.5,25.8,22.9,74.5,73.4
2021-05-24 22:30:00,24.0,94.0,26.1,23.0,74.7,73.5
2021-05-24 22:40:00,23.7,92.6,25.5,22.4,74.0,73.0
2021-05-24 22:50:00,23.7,93.7,25.5,22.6,74.1,73.1
2021-05-24 23:00:00,24.1,75.1,25.0,19.4,73.0,72.3
2021-05-24 23:10:00,24.1,80.9,25.3,20.6,73.6,72.7
2021-05-24 23:20:00,24.1,78.3,25.1,20.1,73.3,72.5
2021-05-24 23:30:00,24.3,72.6,24.9,19.0,73.1,72.4
2021-05-24 23:40:00,24.3,68.1,24.7,18.1,72.7,72.0
2021-05-24 23:50:00,24.0,66.8,24.3,17.5,72.1,71.5
2021-05-25 00:00:00,23.9,66.5,24.1,17.3,71.9,71.3
2021-05-25 00:10:00,23.7,66.7,24.0,17.2,71.6,71.1
2021-05-25 00:20:00,23.5,66.4,23.8,16.9,71.3,70.8
2021-05-25 00:30:00,23.4,65.9,23.6,16.7,71.1,70.6
2021-05-25 00:40:00,23.4,65.4,23.5,16.5,71.0,70.5
2021-05-25 00:50:00,23.3,64.8,23.5,16.4,70.9,70.4
2021-05-25 01:00:00,23.3,64.2,23.5,16.2,70.9,70.4
2021-05-25 01:10:00,23.4,63.7,23.5,16.1,70.9,70.4
2021-05-25 01:20:00,23.4,63.1,23.6,16.0,70.9,70.4
2021-05-25 01:30:00,23.4,62.6,23.5,15.9,70.9,70.4
2021-05-25 01:40:00,23.4,62.0,23.5,15.8,70.8,70.3
2021-05-25 01:50:00,23.5,61.6,23.5,15.7,70.8,70.3
2021-05-25 02:00:00,23.5,61.1,23.4,15.6,70.8,70.3
2021-05-25 02:10:00,23.5,60.7,23.4,15.5,70.8,70.3
2021-05-25 02:20:00,23.5,60.3,23.4,15.3,70.7,70.2
2021-05-25 02:30:00,23.4,59.9,23.3,15.2,70.6,70.1
2021-05-25 02:40:00,23.4,59.6,23.2,15.1,70.5,70.0
2021-05-25 02:50:00,23.4,59.2,23.2,15.0,70.4,69.9
2021-05-25 03:00:00,23.3,58.9,23.2,14.8,70.4,69.9
2021-05-25 03:10:00,23.2,58.6,23.1,14.7,70.2,69.7
2021-05-25 03:20:00,23.2,58.3,23.0,14.6,70.1,69.6
2021-05-25 03:30:00,23.1,58.1,23.0,14.4,70.0,69.5
2021-05-25 03:40:00,23.0,57.9,22.9,14.3,69.9,69.4
2021-05-25 03:50:00,23.0,57.6,22.8,14.2,69.8,69.3
2021-05-25 04:00:00,22.9,57.5,22.7,14.1,69.7,69.2
2021-05-25 04:10:00,22.8,57.3,22.6,13.9,69.5,69.0
2021-05-25 04:20:00,22.8,57.1,22.5,13.8,69.4,68.9
2021-05-25 04:30:00,22.7,56.9,22.4,13.7,69.3,68.8
2021-05-25 04:40:00,22.6,56.7,22.3,13.6,69.2,68.6
2021-05-25 04:50:00,22.5,56.6,22.3,13.4,69.0,68.5
2021-05-25 05:00:00,22.4,56.4,22.2,13.3,68.9,68.4
2021-05-25 05:10:00,22.3,56.3,22.1,13.2,68.8,68.3
2021-05-25 05:20:00,22.2,56.2,22.0,13.1,68.6,68.1
2021-05-25 05:30:00,22.1,56.0,21.9,12.9,68.5,68.0
2021-05-25 05:40:00,22.0,55.9,21.8,12.8,68.4,67.8
2021-05-25 05:50:00,22.0,55.8,21.7,12.7,68.2,67.7
2021-05-25 06:00:00,21.8,55.7,21.6,12.6,68.0,67.6
2021-05-25 06:10:00,21.8,55.6,21.5,12.5,67.9,67.4
2021-05-25 06:20:00,21.7,55.5,21.4,12.4,67.8,67.3
2021-05-25 06:30:00,21.6,55.4,21.4,12.3,67.7,67.2
2021-05-25 06:40:00,21.5,55.3,21.2,12.1,67.5,67.0
2021-05-25 06:50:00,21.4,55.2,21.1,12.0,67.4,66.9
2021-05-25 07:00:00,21.3,55.2,21.1,12.0,67.3,66.8
2021-05-25 07:10:00,21.3,55.1,20.9,11.9,67.3,66.8
2021-05-25 07:20:00,21.2,55.1,20.9,11.8,67.2,66.7
2021-05-25 07:30:00,21.2,55.0,20.9,11.8,67.2,66.7
2021-05-25 07:40:00,21.2,55.0,20.8,11.8,67.2,66.7
2021-05-25 07:50:00,21.2,54.9,20.8,11.8,67.2,66.6
2021-05-25 08:00:00,21.2,55.0,20.8,11.8,67.2,66.7
2021-05-25 08:10:00,21.2,55.1,20.9,11.9,67.2,66.7
2021-05-25 08:20:00,21.3,55.2,21.1,12.0,67.4,66.8
2021-05-25 08:30:00,21.5,55.3,21.2,12.1,67.6,67.1
2021-05-25 08:40:00,21.7,55.4,21.5,12.4,67.9,67.4
2021-05-25 08:50:00,22.0,55.4,21.7,12.6,68.2,67.7
2021-05-25 09:00:00,22.3,55.4,22.1,12.9,68.7,68.2
2021-05-25 09:10:00,22.7,55.3,22.4,13.3,69.2,68.7
2021-05-25 09:20:00,23.0,55.2,22.8,13.6,69.7,69.1
2021-05-25 09:30:00,23.5,55.1,23.1,14.0,70.3,69.7
2021-05-25 09:40:00,23.9,54.9,23.5,14.3,70.9,70.3
2021-05-25 09:50:00,24.4,54.8,24.0,14.8,71.5,70.9
2021-05-25 10:00:00,24.9,54.6,24.5,15.1,72.1,71.6
2021-05-25 10:10:00,25.5,54.4,25.2,15.6,72.9,72.3
2021-05-25 10:20:00,26.0,54.2,26.1,16.0,73.6,73.0
2021-05-25 10:30:00,26.6,54.1,26.7,16.5,74.3,73.7
2021-05-25 10:40:00,27.2,53.8,27.7,17.0,75.2,74.6
2021-05-25 10:50:00,27.8,53.6,28.5,17.6,76.0,75.4
2021-05-25 11:00:00,28.5,53.4,29.5,18.1,76.8,76.2
2021-05-25 11:10:00,29.2,53.1,30.7,18.6,77.6,77.1
2021-05-25 11:20:00,29.8,52.8,31.8,19.1,78.4,77.9
2021-05-25 11:30:00,30.5,52.6,33.0,19.7,79.3,78.8
2021-05-25 11:40:00,31.1,52.3,34.3,20.2,80.2,79.6
2021-05-25 11:50:00,31.8,52.1,35.7,20.8,81.0,80.5
2021-05-25 12:00:00,32.5,51.8,37.0,21.3,81.9,81.4
2021-05-25 12:10:00,33.2,51.5,38.4,21.8,82.7,82.2
2021-05-25 12:20:00,33.8,51.2,39.6,22.3,83.5,83.0
2021-05-25 12:30:00,34.4,51.0,41.1,22.8,84.3,83.8
2021-05-25 12:40:00,35.0,50.7,42.5,23.3,85.0,84.6
2021-05-25 12:50:00,35.6,50.4,43.8,23.7,85.7,85.3
2021-05-25 13:00:00,36.2,50.2,45.2,24.1,86.4,86.0
2021-05-25 13:10:00,36.7,50.0,46.6,24.6,87.1,86.8
2021-05-25 13:20:00,37.3,49.8,47.8,25.0,87.8,87.5
2021-05-25 13:30:00,37.8,49.6,49.2,25.4,88.4,88.2
2021-05-25 13:40:00,38.4,49.4,50.6,25.9,89.1,88.9
2021-05-25 13:50:00,38.9,49.2,52.2,26.3,89.7,89.6
2021-05-25 14:00:00,39.4,49.0,53.5,26.7,90.3,90.2
2021-05-25 14:10:00,40.0,48.8,54.9,27.1,91.0,90.9
2021-05-25 14:20:00,40.5,48.7,56.2,27.6,91.6,91.6
2021-05-25 14:30:00,41.0,48.5,57.5,27.9,92.2,92.2
2021-05-25 14:40:00,41.3,48.1,58.6,28.1,92.6,92.6
2021-05-25 14:50:00,40.4,45.7,53.9,26.4,90.7,91.1
2021-05-25 15:00:00,39.3,46.0,51.3,25.5,89.5,89.7
2021-05-25 15:10:00,39.0,45.9,50.4,25.2,89.0,89.3
2021-05-25 15:20:00,38.0,45.4,47.2,24.1,87.6,87.8
2021-05-25 15:30:00,37.4,46.0,46.2,23.8,87.1,87.2
2021-05-25 15:40:00,37.2,46.5,46.0,23.8,86.9,87.0
2021-05-25 15:50:00,37.2,46.8,46.0,23.9,87.0,87.0
2021-05-25 16:00:00,37.2,46.9,46.2,24.0,87.0,87.1
2021-05-25 16:10:00,37.3,46.9,46.6,24.1,87.2,87.2
2021-05-25 16:20:00,37.4,46.9,46.6,24.1,87.2,87.3
2021-05-25 16:30:00,37.5,47.0,47.1,24.2,87.4,87.4
2021-05-25 16:40:00,37.6,46.9,47.3,24.3,87.5,87.6
2021-05-25 16:50:00,37.7,46.9,47.5,24.4,87.6,87.7
2021-05-25 17:00:00,37.8,46.8,47.4,24.4,87.7,87.8
2021-05-25 17:10:00,37.9,46.7,47.7,24.5,87.8,87.9
2021-05-25 17:20:00,37.9,46.6,47.9,24.5,87.8,87.9
2021-05-25 17:30:00,37.9,46.4,47.8,24.4,87.8,87.9
2021-05-25 17:40:00,37.9,46.3,47.7,24.4,87.8,87.9
2021-05-25 17:50:00,37.9,46.0,47.6,24.3,87.7,87.9
2021-05-25 18:00:00,37.9,45.7,47.2,24.1,87.6,87.8
2021-05-25 18:10:00,37.8,45.4,47.0,24.0,87.4,87.7
2021-05-25 18:20:00,37.7,45.2,46.6,23.8,87.3,87.5
2021-05-25 18:30:00,37.6,45.0,46.3,23.7,87.1,87.3
2021-05-25 18:40:00,37.4,45.3,45.7,23.5,86.9,87.1
2021-05-25 18:50:00,37.1,45.5,45.3,23.4,86.6,86.7
2021-05-25 19:00:00,36.8,45.6,44.7,23.1,86.2,86.3
2021-05-25 19:10:00,36.5,45.6,43.7,22.8,85.8,85.9
2021-05-25 19:20:00,36.1,45.9,43.3,22.6,85.4,85.5
2021-05-25 19:30:00,35.0,46.7,41.0,21.9,84.2,84.1
2021-05-25 19:40:00,33.4,46.9,37.7,20.6,82.2,82.0
2021-05-25 19:50:00,31.7,47.7,34.2,19.2,80.1,79.8
2021-05-25 20:00:00,30.2,51.1,32.4,19.0,78.8,78.3
2021-05-25 20:10:00,29.0,52.4,30.4,18.3,77.4,76.8
2021-05-25 20:20:00,28.4,53.2,29.3,18.0,76.6,76.1
2021-05-25 20:30:00,28.0,53.3,28.6,17.6,76.1,75.5
2021-05-25 20:40:00,27.1,71.9,29.7,21.6,77.3,76.1
2021-05-25 20:50:00,24.4,85.1,26.0,21.8,74.5,73.4
2021-05-25 21:00:00,23.4,89.2,24.9,21.5,73.2,72.4
2021-05-25 21:10:00,23.0,91.6,24.4,21.5,72.6,71.9
2021-05-25 21:20:00,22.7,93.1,24.1,21.6,72.4,71.7
2021-05-25 21:30:00,23.0,94.7,24.5,22.0,72.9,72.1
2021-05-25 21:40:00,23.8,93.2,25.7,22.7,74.3,73.2
2021-05-25 21:50:00,23.4,94.5,25.2,22.5,73.7,72.7
2021-05-25 22:00:00,23.7,94.7,25.5,22.8,74.1,73.1
2021-05-25 22:10:00,23.6,95.2,25.4,22.8,74.0,73.0
2021-05-25 22:20:00,23.2,96.4,24.9,22.5,73.4,72.5
2021-05-25 22:30:00,23.2,96.2,24.9,22.6,73.4,72.5
2021-05-25 22:40:00,23.2,96.4,25.0,22.6,73.5,72.5
2021-05-25 22:50:00,23.2,96.6,25.0,22.6,73.5,72.6
2021-05-25 23:00:00,23.5,96.0,25.4,22.9,74.0,73.0
2021-05-25 23:10:00,23.6,86.3,24.9,21.2,73.2,72.4
2021-05-25 23:20:00,23.4,85.4,24.6,20.8,72.8,72.1
2021-05-25 23:30:00,23.3,84.0,24.5,20.5,72.6,71.9
2021-05-25 23:40:00,23.0,80.7,23.9,19.5,71.8,71.2
2021-05-25 23:50:00,22.3,79.9,23.1,18.7,70.6,70.2
2021-05-26 00:00:00,22.1,81.6,22.9,18.8,70.4,70.1
2021-05-26 00:10:00,22.2,81.9,23.0,19.0,70.6,70.2
2021-05-26 00:20:00,22.4,82.0,23.2,19.1,70.8,70.4
2021-05-26 00:30:00,22.4,82.0,23.3,19.2,71.0,70.6
2021-05-26 00:40:00,22.5,82.0,23.4,19.3,71.1,70.7
2021-05-26 00:50:00,22.6,81.8,23.5,19.3,71.2,70.8
2021-05-26 01:00:00,22.6,81.4,23.5,19.3,71.2,70.8
2021-05-26 01:10:00,22.7,80.6,23.5,19.1,71.2,70.8
2021-05-26 01:20:00,22.7,80.1,23.5,19.1,71.2,70.8
2021-05-26 01:30:00,22.7,79.7,23.6,19.0,71.2,70.8
2021-05-26 01:40:00,22.7,79.1,23.6,18.9,71.2,70.7
2021-05-26 01:50:00,22.7,78.6,23.5,18.8,71.1,70.7
2021-05-26 02:00:00,22.7,78.0,23.5,18.7,71.1,70.6
2021-05-26 02:10:00,22.7,77.6,23.3,18.6,71.0,70.6
2021-05-26 02:20:00,22.7,77.1,23.3,18.5,71.0,70.5
2021-05-26 02:30:00,22.6,76.8,23.3,18.4,70.9,70.4
2021-05-26 02:40:00,22.6,76.5,23.3,18.3,70.8,70.4
2021-05-26 02:50:00,22.6,76.2,23.2,18.2,70.7,70.3
2021-05-26 03:00:00,22.5,76.0,23.2,18.1,70.6,70.2
2021-05-26 03:10:00,22.5,75.7,23.1,18.0,70.5,70.2
2021-05-26 03:20:00,22.4,75.4,23.1,17.9,70.4,70.1
2021-05-26 03:30:00,22.4,75.1,23.0,17.8,70.3,70.0
2021-05-26 03:40:00,22.3,74.8,22.9,17.6,70.2,69.8
2021-05-26 03:50:00,22.2,74.5,22.7,17.5,70.1,69.7
2021-05-26 04:00:00,22.2,74.2,22.6,17.4,69.9,69.6
2021-05-26 04:10:00,22.1,74.0,22.6,17.2,69.8,69.5
2021-05-26 04:20:00,22.0,73.8,22.5,17.1,69.7,69.4
2021-05-26 04:30:00,22.0,73.5,22.4,17.0,69.5,69.3
2021-05-26 04:40:00,21.8,73.3,22.3,16.9,69.4,69.1
2021-05-26 04:50:00,21.8,73.1,22.2,16.8,69.3,69.0
2021-05-26 05:00:00,21.7,72.9,22.2,16.6,69.1,68.9
2021-05-26 05:10:00,21.6,72.8,22.1,16.5,69.0,68.8
2021-05-26 05:20:00,21.6,72.6,22.0,16.4,68.9,68.7
2021-05-26 05:30:00,21.5,72.5,21.8,16.3,68.7,68.5
2021-05-26 05:40:00,21.4,72.3,21.7,16.2,68.6,68.4
2021-05-26 05:50:00,21.3,72.2,21.5,16.1,68.4,68.3
2021-05-26 06:00:00,21.2,72.0,21.5,16.0,68.3,68.2
2021-05-26 06:10:00,21.1,71.9,21.3,15.9,68.2,68.0
2021-05-26 06:20:00,21.0,71.7,21.2,15.8,68.0,67.9
2021-05-26 06:30:00,21.0,71.6,21.1,15.6,67.9,67.8
2021-05-26 06:40:00,20.9,71.6,21.1,15.6,67.8,67.7
2021-05-26 06:50:00,20.8,71.5,20.9,15.5,67.7,67.6
2021-05-26 07:00:00,20.8,71.5,20.8,15.4,67.6,67.6
2021-05-26 07:10:00,20.8,71.4,20.8,15.4,67.6,67.5
2021-05-26 07:20:00,20.8,71.4,20.8,15.4,67.6,67.5
2021-05-26 07:30:00,20.8,71.2,20.8,15.4,67.6,67.5
2021-05-26 07:40:00,20.8,71.1,20.8,15.3,67.5,67.5
2021-05-26 07:50:00,20.8,71.1,20.8,15.3,67.6,67.5
2021-05-26 08:00:00,20.8,70.8,20.8,15.3,67.6,67.5
2021-05-26 08:10:00,20.8,70.4,20.9,15.2,67.6,67.5
2021-05-26 08:20:00,21.0,69.7,21.0,15.2,67.8,67.6
2021-05-26 08:30:00,21.0,69.4,21.2,15.2,67.9,67.7
2021-05-26 08:40:00,21.1,69.3,21.3,15.3,68.0,67.8
2021-05-26 08:50:00,21.2,69.3,21.3,15.3,68.1,67.9
2021-05-26 09:00:00,21.2,69.3,21.4,15.4,68.2,68.0
2021-05-26 09:10:00,21.3,69.4,21.4,15.5,68.2,68.1
2021-05-26 09:20:00,21.4,69.5,21.6,15.6,68.4,68.2
2021-05-26 09:30:00,21.5,69.6,21.7,15.7,68.5,68.3
2021-05-26 09:40:00,21.6,69.7,21.9,15.8,68.7,68.4
2021-05-26 09:50:00,21.4,66.8,21.6,15.0,68.3,68.0
2021-05-26 10:00:00,21.0,66.3,21.1,14.5,67.7,67.5
2021-05-26 10:10:00,20.8,66.7,20.7,14.4,67.3,67.1
2021-05-26 10:20:00,20.7,68.8,20.7,14.8,67.3,67.2
2021-05-26 10:30:00,20.9,69.9,21.0,15.2,67.7,67.6
2021-05-26 10:40:00,21.3,70.4,21.4,15.6,68.3,68.1
2021-05-26 10:50:00,21.7,70.6,22.1,16.1,69.0,68.7
2021-05-26 11:00:00,22.3,70.5,22.6,16.7,69.8,69.5
2021-05-26 11:10:00,22.9,70.3,23.2,17.2,70.7,70.2
2021-05-26 11:20:00,23.5,70.1,23.9,17.7,71.6,71.0
2021-05-26 11:30:00,24.1,69.8,24.6,18.3,72.6,71.9
2021-05-26 11:40:00,24.8,69.6,25.4,18.9,73.5,72.8
2021-05-26 11:50:00,25.5,69.3,26.6,19.5,74.6,73.8
2021-05-26 12:00:00,26.3,68.9,27.8,20.1,75.6,74.7
2021-05-26 12:10:00,27.0,68.5,28.9,20.7,76.7,75.6
2021-05-26 12:20:00,27.7,68.2,30.2,21.3,77.7,76.6
2021-05-26 12:30:00,28.5,67.8,31.7,21.9,78.8,77.6
2021-05-26 12:40:00,29.2,67.4,33.5,22.6,79.9,78.6
2021-05-26 12:50:00,30.0,67.1,35.0,23.2,80.9,79.5
2021-05-26 13:00:00,30.7,66.8,36.6,23.8,81.9,80.5
2021-05-26 13:10:00,31.4,66.5,38.5,24.4,83.0,81.4
2021-05-26 13:20:00,32.2,66.2,40.4,25.1,84.0,82.4
2021-05-26 13:30:00,32.9,65.9,42.6,25.7,85.0,83.4
2021-05-26 13:40:00,33.4,63.0,42.9,25.4,85.2,83.7
2021-05-26 13:50:00,32.9,57.3,39.7,23.4,83.5,82.6
2021-05-26 14:00:00,32.1,60.4,38.5,23.5,82.9,81.8
2021-05-26 14:10:00,31.8,61.7,37.9,23.5,82.6,81.4
2021-05-26 14:20:00,31.2,58.3,35.8,22.1,81.3,80.4
2021-05-26 14:30:00,30.8,62.4,35.7,22.8,81.3,80.2
2021-05-26 14:40:00,30.6,61.6,35.3,22.4,81.0,79.9
2021-05-26 14:50:00,30.4,60.1,34.5,21.8,80.4,79.5
2021-05-26 15:00:00,29.8,59.0,33.1,21.0,79.4,78.6
2021-05-26 15:10:00,29.5,61.7,33.0,21.4,79.4,78.4
2021-05-26 15:20:00,29.7,63.1,33.7,21.9,79.9,78.8
2021-05-26 15:30:00,30.1,63.0,34.3,22.2,80.4,79.3
2021-05-26 15:40:00,30.5,62.7,35.3,22.6,81.0,79.8
2021-05-26 15:50:00,31.0,62.3,36.2,23.0,81.6,80.5
2021-05-26 16:00:00,31.5,61.8,37.4,23.3,82.3,81.1
2021-05-26 16:10:00,32.1,61.2,38.9,23.7,83.0,81.8
2021-05-26 16:20:00,32.7,60.7,39.9,24.1,83.7,82.6
2021-05-26 16:30:00,33.2,60.2,41.3,24.4,84.4,83.2
2021-05-26 16:40:00,33.8,59.7,42.4,24.8,85.1,83.9
2021-05-26 16:50:00,34.3,59.3,43.6,25.2,85.7,84.5
2021-05-26 17:00:00,34.7,58.9,45.0,25.5,86.2,85.1
2021-05-26 17:10:00,35.2,58.7,46.0,25.8,86.8,85.6
2021-05-26 17:20:00,35.5,58.6,47.2,26.1,87.3,86.1
2021-05-26 17:30:00,35.8,58.6,48.1,26.4,87.8,86.6
2021-05-26 17:40:00,36.2,58.6,49.0,26.8,88.2,87.0
2021-05-26 17:50:00,36.5,58.7,49.9,27.0,88.6,87.4
2021-05-26 18:00:00,36.8,59.0,51.3,27.5,89.2,87.9
2021-05-26 18:10:00,37.2,58.8,52.1,27.7,89.6,88.4
2021-05-26 18:20:00,37.5,58.5,52.8,27.9,90.0,88.7
2021-05-26 18:30:00,37.7,58.1,53.6,28.0,90.2,89.0
2021-05-26 18:40:00,37.9,57.9,54.1,28.2,90.4,89.2
2021-05-26 18:50:00,38.0,57.9,54.5,28.3,90.6,89.4
2021-05-26 19:00:00,38.1,57.9,54.5,28.3,90.7,89.4
2021-05-26 19:10:00,38.1,57.9,54.5,28.3,90.7,89.4
2021-05-26 19:20:00,38.0,57.7,54.0,28.2,90.5,89.3
2021-05-26 19:30:00,37.6,53.7,50.9,26.6,89.1,88.4
2021-05-26 19:40:00,35.9,50.2,44.4,23.9,86.0,85.7
2021-05-26 19:50:00,33.7,52.4,40.1,22.6,83.6,83.1
2021-05-26 20:00:00,32.5,55.4,38.2,22.5,82.6,81.8
2021-05-26 20:10:00,30.6,57.9,34.3,21.3,80.3,79.4
2021-05-26 20:20:00,27.3,76.1,30.4,22.7,78.0,76.6
2021-05-26 20:30:00,26.1,84.4,29.3,23.3,77.2,75.7
2021-05-26 20:40:00,25.6,87.5,28.5,23.4,76.7,75.2
2021-05-26 20:50:00,24.7,83.1,26.2,21.7,74.8,73.7
2021-05-26 21:00:00,24.2,84.0,25.6,21.3,74.0,73.1
2021-05-26 21:10:00,23.9,85.2,25.2,21.2,73.6,72.8
2021-05-26 21:20:00,23.7,86.8,25.2,21.4,73.5,72.6
2021-05-26 21:30:00,24.2,91.9,26.2,22.8,74.8,73.6
2021-05-26 21:40:00,24.6,94.2,26.9,23.6,75.8,74.3
2021-05-26 21:50:00,24.1,89.5,25.8,22.3,74.4,73.3
2021-05-26 22:00:00,24.2,93.4,26.2,23.1,75.0,73.8
2021-05-26 22:10:00,25.2,94.1,28.0,24.1,76.7,75.0
2021-05-26 22:20:00,25.0,92.7,27.4,23.7,76.2,74.7
2021-05-26 22:30:00,24.6,93.4,26.8,23.5,75.7,74.3
2021-05-26 22:40:00,24.5,92.8,26.7,23.3,75.4,74.1
2021-05-26 22:50:00,25.2,73.1,26.4,20.1,74.5,73.6
2021-05-26 23:00:00,24.4,77.9,25.5,20.3,73.8,73.0
2021-05-26 23:10:00,24.2,79.6,25.2,20.4,73.6,72.8
2021-05-26 23:20:00,23.4,74.9,24.1,18.7,71.9,71.4
2021-05-26 23:30:00,21.8,76.4,22.4,17.5,69.6,69.3
2021-05-26 23:40:00,21.5,78.6,21.9,17.6,69.2,69.0
2021-05-26 23:50:00,21.8,77.7,22.4,17.7,69.6,69.4
2021-05-27 00:00:00,22.1,76.3,22.7,17.8,70.0,69.7
2021-05-27 00:10:00,22.4,75.0,23.0,17.7,70.3,70.0
2021-05-27 00:20:00,22.6,73.9,23.1,17.7,70.5,70.1
2021-05-27 00:30:00,22.7,73.0,23.2,17.6,70.6,70.2
2021-05-27 00:40:00,22.8,72.2,23.3,17.5,70.7,70.2
2021-05-27 00:50:00,22.8,71.4,23.2,17.4,70.7,70.2
2021-05-27 01:00:00,22.8,70.9,23.2,17.2,70.6,70.2
2021-05-27 01:10:00,22.8,70.4,23.1,17.1,70.6,70.2
2021-05-27 01:20:00,22.8,70.0,23.1,17.0,70.5,70.1
2021-05-27 01:30:00,22.8,69.6,23.1,16.9,70.5,70.1
2021-05-27 01:40:00,22.8,69.2,23.1,16.8,70.4,70.0
2021-05-27 01:50:00,22.8,68.9,23.0,16.8,70.4,70.0
2021-05-27 02:00:00,22.8,68.5,23.0,16.7,70.4,69.9
2021-05-27 02:10:00,22.7,68.3,23.0,16.6,70.3,69.9
2021-05-27 02:20:00,22.7,68.0,23.0,16.5,70.3,69.9
2021-05-27 02:30:00,22.7,67.7,22.9,16.4,70.2,69.8
2021-05-27 02:40:00,22.6,67.4,22.9,16.3,70.1,69.7
2021-05-27 02:50:00,22.6,67.2,22.8,16.2,70.0,69.6
2021-05-27 03:00:00,22.5,66.9,22.8,16.1,69.9,69.5
2021-05-27 03:10:00,22.5,66.7,22.7,16.0,69.8,69.4
2021-05-27 03:20:00,22.4,66.5,22.7,15.9,69.7,69.3
2021-05-27 03:30:00,22.3,66.3,22.6,15.7,69.6,69.2
2021-05-27 03:40:00,22.3,66.1,22.5,15.6,69.4,69.1
2021-05-27 03:50:00,22.2,65.9,22.3,15.5,69.3,69.0
2021-05-27 04:00:00,22.1,65.8,22.2,15.4,69.2,68.8
2021-05-27 04:10:00,22.0,65.6,22.1,15.2,69.0,68.7
2021-05-27 04:20:00,21.9,65.5,22.0,15.1,68.9,68.5
2021-05-27 04:30:00,21.8,65.4,22.0,15.0,68.7,68.4
2021-05-27 04:40:00,21.7,65.3,21.9,14.9,68.6,68.3
2021-05-27 04:50:00,21.6,65.2,21.8,14.8,68.4,68.1
2021-05-27 05:00:00,21.5,65.1,21.7,14.7,68.3,68.0
2021-05-27 05:10:00,21.4,65.0,21.5,14.6,68.2,67.9
2021-05-27 05:20:00,21.3,64.9,21.4,14.5,68.0,67.7
2021-05-27 05:30:00,21.2,64.8,21.2,14.4,67.9,67.6
2021-05-27 05:40:00,21.1,64.8,21.1,14.2,67.7,67.5
2021-05-27 05:50:00,21.0,64.7,21.0,14.1,67.6,67.4
2021-05-27 06:00:00,21.0,64.6,20.8,14.0,67.4,67.2
2021-05-27 06:10:00,20.8,64.5,20.7,13.9,67.3,67.1
2021-05-27 06:20:00,20.8,64.5,20.6,13.8,67.2,66.9
2021-05-27 06:30:00,20.7,64.4,20.4,13.7,67.0,66.8
2021-05-27 06:40:00,20.6,64.3,20.3,13.6,66.9,66.7
2021-05-27 06:50:00,20.5,64.2,20.3,13.5,66.8,66.6
2021-05-27 07:00:00,20.4,64.2,20.1,13.4,66.7,66.5
2021-05-27 07:10:00,20.4,64.1,20.1,13.4,66.6,66.4
2021-05-27 07:20:00,20.4,64.0,20.0,13.3,66.6,66.4
2021-05-27 07:30:00,20.3,63.9,20.0,13.3,66.5,66.3
2021-05-27 07:40:00,20.3,63.9,20.0,13.3,66.5,66.3
2021-05-27 07:50:00,20.3,63.8,20.0,13.2,66.5,66.3
2021-05-27 08:00:00,20.3,63.7,20.0,13.2,66.5,66.3
2021-05-27 08:10:00,20.4,63.5,20.1,13.3,66.6,66.4
2021-05-27 08:20:00,20.5,63.6,20.2,13.4,66.7,66.5
2021-05-27 08:30:00,20.6,63.6,20.4,13.5,66.9,66.6
2021-05-27 08:40:00,20.8,63.5,20.5,13.6,67.1,66.9
2021-05-27 08:50:00,21.0,63.5,20.8,13.8,67.4,67.1
2021-05-27 09:00:00,21.1,63.5,21.1,13.9,67.6,67.4
2021-05-27 09:10:00,21.4,63.4,21.4,14.2,68.0,67.7
2021-05-27 09:20:00,21.6,63.4,21.8,14.4,68.3,68.0
2021-05-27 09:30:00,21.9,63.3,22.0,14.6,68.7,68.4
2021-05-27 09:40:00,22.2,63.2,22.4,14.9,69.1,68.8
2021-05-27 09:50:00,22.5,63.0,22.7,15.1,69.6,69.1
2021-05-27 10:00:00,22.9,62.9,22.9,15.4,70.1,69.6
2021-05-27 10:10:00,23.2,62.8,23.3,15.7,70.5,70.1
2021-05-27 10:20:00,23.6,62.7,23.7,16.1,71.1,70.6
2021-05-27 10:30:00,24.0,62.6,24.1,16.5,71.7,71.2
2021-05-27 10:40:00,24.5,62.5,24.6,16.9,72.4,71.8
2021-05-27 10:50:00,25.0,62.4,25.2,17.3,73.1,72.5
2021-05-27 11:00:00,25.6,62.2,26.0,17.8,73.9,73.2
2021-05-27 11:10:00,26.2,62.0,26.9,18.3,74.7,74.0
2021-05-27 11:20:00,26.8,61.9,27.8,18.9,75.6,74.8
2021-05-27 11:30:00,27.4,61.7,28.9,19.4,76.4,75.6
2021-05-27 11:40:00,28.0,61.4,29.9,19.9,77.3,76.4
2021-05-27 11:50:00,28.7,61.1,31.2,20.5,78.2,77.3
2021-05-27 12:00:00,29.4,60.8,32.4,21.0,79.1,78.2
2021-05-27 12:10:00,30.0,60.5,33.8,21.6,80.0,79.0
2021-05-27 12:20:00,30.7,60.2,35.1,22.1,80.9,79.9
2021-05-27 12:30:00,31.4,59.8,36.4,22.6,81.8,80.7
2021-05-27 12:40:00,32.0,59.5,38.1,23.2,82.6,81.6
2021-05-27 12:50:00,32.6,59.2,39.5,23.7,83.4,82.4
2021-05-27 13:00:00,33.2,59.0,41.0,24.1,84.2,83.1
2021-05-27 13:10:00,33.8,58.7,42.2,24.6,84.9,83.8
2021-05-27 13:20:00,34.4,58.5,43.6,25.0,85.7,84.6
2021-05-27 13:30:00,34.9,58.3,45.2,25.5,86.4,85.3
2021-05-27 13:40:00,35.4,58.0,46.6,25.9,87.1,86.0
2021-05-27 13:50:00,36.0,57.8,48.0,26.3,87.7,86.6
2021-05-27 14:00:00,36.5,57.6,49.6,26.8,88.4,87.3
2021-05-27 14:10:00,37.0,57.3,50.7,27.1,89.0,88.0
2021-05-27 14:20:00,37.4,57.1,52.1,27.5,89.6,88.5
2021-05-27 14:30:00,37.9,57.0,53.6,27.9,90.2,89.1
2021-05-27 14:40:00,38.4,56.8,55.0,28.2,90.8,89.7
2021-05-27 14:50:00,38.8,56.6,56.2,28.6,91.4,90.3
2021-05-27 15:00:00,39.2,56.5,57.7,29.0,91.9,90.8
2021-05-27 15:10:00,39.6,56.3,58.9,29.3,92.4,91.4
2021-05-27 15:20:00,40.0,56.1,60.2,29.6,92.9,91.9
2021-05-27 15:30:00,40.4,56.0,61.0,29.9,93.4,92.3
2021-05-27 15:40:00,40.7,55.9,62.0,30.1,93.8,92.7
2021-05-27 15:50:00,41.0,55.8,63.1,30.4,94.1,93.1
2021-05-27 16:00:00,41.2,55.7,64.1,30.6,94.5,93.5
2021-05-27 16:10:00,41.5,55.7,65.2,30.8,94.9,93.8
2021-05-27 16:20:00,41.7,55.6,65.9,31.0,95.1,94.1
2021-05-27 16:30:00,41.9,55.6,66.7,31.2,95.4,94.4
2021-05-27 16:40:00,42.1,55.6,67.4,31.4,95.6,94.6
2021-05-27 16:50:00,42.2,55.6,67.8,31.4,95.8,94.7
2021-05-27 17:00:00,42.3,55.6,68.2,31.6,96.0,94.9
2021-05-27 17:10:00,42.5,55.6,68.6,31.7,96.1,95.1
2021-05-27 17:20:00,42.5,55.6,69.0,31.8,96.2,95.2
2021-05-27 17:30:00,42.6,55.6,68.9,31.8,96.3,95.2
2021-05-27 17:40:00,42.6,55.6,69.3,31.8,96.3,95.3
2021-05-27 17:50:00,42.6,55.6,69.3,31.9,96.4,95.3
2021-05-27 18:00:00,42.7,55.6,69.3,31.9,96.4,95.4
2021-05-27 18:10:00,42.7,55.5,69.7,31.9,96.4,95.4
2021-05-27 18:20:00,42.7,55.3,69.0,31.8,96.3,95.3
2021-05-27 18:30:00,42.6,54.7,68.5,31.5,96.1,95.2
2021-05-27 18:40:00,42.3,53.9,66.4,31.0,95.4,94.6
2021-05-27 18:50:00,41.8,54.1,65.1,30.6,94.9,94.0
2021-05-27 19:00:00,41.3,54.4,63.5,30.2,94.2,93.4
2021-05-27 19:10:00,40.8,54.7,61.8,29.9,93.6,92.8
2021-05-27 19:20:00,40.3,54.8,60.3,29.5,93.0,92.2
2021-05-27 19:30:00,38.3,49.4,50.7,25.9,89.0,88.8
2021-05-27 19:40:00,36.7,46.6,44.7,23.4,86.3,86.3
2021-05-27 19:50:00,35.1,48.0,41.5,22.4,84.5,84.3
2021-05-27 20:00:00,34.1,52.1,40.6,22.8,84.0,83.5
2021-05-27 20:10:00,33.2,53.1,39.1,22.4,83.1,82.5
2021-05-27 20:20:00,30.2,64.8,35.2,22.9,80.9,79.7
2021-05-27 20:30:00,26.2,74.4,28.4,21.3,76.2,75.1
2021-05-27 20:40:00,24.6,80.0,25.8,21.0,74.3,73.4
2021-05-27 20:50:00,23.9,83.2,25.1,20.9,73.4,72.6
2021-05-27 21:00:00,23.4,85.2,24.7,20.8,72.9,72.1
2021-05-27 21:10:00,23.2,86.6,24.4,20.8,72.5,71.9
2021-05-27 21:20:00,24.0,84.2,25.4,21.2,73.8,72.9
2021-05-27 21:30:00,24.5,86.2,26.1,22.0,74.7,73.6
2021-05-27 21:40:00,24.6,87.5,26.4,22.4,75.0,73.9
2021-05-27 21:50:00,24.8,84.4,26.3,22.0,75.0,73.9
2021-05-27 22:00:00,24.1,84.4,25.5,21.3,73.9,73.0
2021-05-27 22:10:00,24.9,90.5,27.0,23.2,75.8,74.4
2021-05-27 22:20:00,28.4,91.8,36.1,27.0,82.1,79.4
2021-05-27 22:30:00,25.6,78.6,27.6,21.6,75.8,74.6
2021-05-27 22:40:00,25.7,87.5,28.8,23.5,76.9,75.4
2021-05-27 22:50:00,26.4,72.0,28.3,20.9,76.2,75.1
2021-05-27 23:00:00,24.4,68.9,24.7,18.3,72.8,72.1
2021-05-27 23:10:00,23.1,73.2,23.7,18.1,71.4,70.9
2021-05-27 23:20:00,22.7,75.1,23.4,18.1,70.9,70.4
2021-05-27 23:30:00,22.9,69.3,23.3,17.0,70.7,70.2
2021-05-27 23:40:00,22.0,66.9,22.2,15.6,69.1,68.8
2021-05-27 23:50:00,21.4,68.4,21.6,15.4,68.4,68.2
2021-05-28 00:00:00,21.6,68.3,21.9,15.5,68.7,68.4
2021-05-28 00:10:00,21.9,67.5,22.1,15.6,69.0,68.7
2021-05-28 00:20:00,22.1,66.6,22.4,15.6,69.3,69.0
2021-05-28 00:30:00,22.3,65.7,22.5,15.6,69.5,69.1
2021-05-28 00:40:00,22.5,65.1,22.6,15.6,69.7,69.3
2021-05-28 00:50:00,22.6,64.5,22.7,15.5,69.8,69.3
2021-05-28 01:00:00,22.6,64.1,22.8,15.5,69.8,69.4
2021-05-28 01:10:00,22.7,63.6,22.9,15.4,69.9,69.5
2021-05-28 01:20:00,22.8,62.9,22.8,15.3,69.9,69.5
2021-05-28 01:30:00,22.8,62.5,22.8,15.3,69.9,69.5
2021-05-28 01:40:00,22.8,62.4,22.8,15.2,69.9,69.5
2021-05-28 01:50:00,22.8,62.3,22.8,15.2,69.9,69.4
2021-05-28 02:00:00,22.7,62.2,22.8,15.1,69.8,69.4
2021-05-28 02:10:00,22.6,62.2,22.7,15.0,69.7,69.2
2021-05-28 02:20:00,22.6,62.1,22.6,14.9,69.6,69.1
2021-05-28 02:30:00,22.4,62.2,22.5,14.8,69.4,69.0
2021-05-28 02:40:00,22.4,62.2,22.4,14.8,69.3,68.9
2021-05-28 02:50:00,22.2,62.2,22.3,14.7,69.1,68.7
2021-05-28 03:00:00,22.1,62.3,22.2,14.6,69.0,68.6
2021-05-28 03:10:00,22.0,62.3,22.1,14.5,68.8,68.4
2021-05-28 03:20:00,21.9,62.3,21.9,14.4,68.6,68.3
2021-05-28 03:30:00,21.8,62.2,21.8,14.2,68.5,68.1
2021-05-28 03:40:00,21.7,62.2,21.8,14.2,68.4,68.0
2021-05-28 03:50:00,21.6,62.2,21.7,14.1,68.2,67.9
2021-05-28 04:00:00,21.5,62.2,21.4,14.0,68.0,67.7
2021-05-28 04:10:00,21.4,62.2,21.4,13.9,67.9,67.6
2021-05-28 04:20:00,21.3,62.1,21.1,13.8,67.8,67.4
2021-05-28 04:30:00,21.2,62.0,21.0,13.6,67.6,67.3
2021-05-28 04:40:00,21.1,62.0,21.0,13.5,67.5,67.2
2021-05-28 04:50:00,21.0,61.9,20.7,13.4,67.3,67.0
2021-05-28 05:00:00,20.9,61.8,20.7,13.3,67.2,66.9
2021-05-28 05:10:00,20.8,61.7,20.6,13.2,67.0,66.8
2021-05-28 05:20:00,20.7,61.6,20.4,13.1,66.9,66.6
2021-05-28 05:30:00,20.6,61.6,20.3,13.0,66.8,66.5
2021-05-28 05:40:00,20.5,61.5,20.1,12.9,66.6,66.4
2021-05-28 05:50:00,20.4,61.4,20.0,12.8,66.5,66.2
2021-05-28 06:00:00,20.3,61.3,19.9,12.6,66.4,66.1
2021-05-28 06:10:00,20.3,61.2,19.7,12.6,66.2,66.0
2021-05-28 06:20:00,20.2,61.1,19.6,12.5,66.1,65.9
2021-05-28 06:30:00,20.1,61.0,19.6,12.4,66.0,65.8
2021-05-28 06:40:00,20.0,61.0,19.4,12.3,65.9,65.7
2021-05-28 06:50:00,20.0,60.9,19.3,12.2,65.8,65.6
2021-05-28 07:00:00,19.9,60.8,19.3,12.1,65.7,65.5
2021-05-28 07:10:00,19.9,60.6,19.2,12.1,65.7,65.4
2021-05-28 07:20:00,19.8,60.5,19.2,12.0,65.6,65.4
2021-05-28 07:30:00,19.8,60.3,19.2,11.9,65.6,65.3
2021-05-28 07:40:00,19.9,60.1,19.2,11.9,65.6,65.4
2021-05-28 07:50:00,20.0,59.9,19.2,11.9,65.7,65.4
2021-05-28 08:00:00,20.1,59.6,19.3,12.0,65.9,65.6
2021-05-28 08:10:00,20.3,59.4,19.8,12.1,66.2,65.9
2021-05-28 08:20:00,20.6,59.1,20.2,12.4,66.6,66.3
2021-05-28 08:30:00,21.0,58.8,20.6,12.6,67.1,66.7
2021-05-28 08:40:00,21.4,58.4,21.2,12.9,67.6,67.2
2021-05-28 08:50:00,21.8,58.0,21.6,13.2,68.2,67.7
2021-05-28 09:00:00,22.2,57.6,22.1,13.5,68.8,68.3
2021-05-28 09:10:00,22.7,57.1,22.5,13.8,69.4,68.9
2021-05-28 09:20:00,23.2,56.6,22.9,14.1,70.0,69.5
2021-05-28 09:30:00,23.7,56.2,23.4,14.5,70.6,70.1
2021-05-28 09:40:00,24.2,55.8,23.9,14.8,71.3,70.8
2021-05-28 09:50:00,24.8,55.2,24.4,15.2,72.0,71.5
2021-05-28 10:00:00,25.3,54.7,25.1,15.6,72.7,72.1
2021-05-28 10:10:00,25.8,54.2,25.8,15.9,73.3,72.8
2021-05-28 10:20:00,26.4,53.8,26.5,16.3,74.0,73.4
2021-05-28 10:30:00,26.9,52.9,27.2,16.5,74.7,74.1
2021-05-28 10:40:00,26.4,47.6,25.9,14.4,73.3,72.8
2021-05-28 10:50:00,25.6,50.3,25.2,14.5,72.6,72.0
2021-05-28 11:00:00,25.8,51.6,25.5,15.1,73.0,72.5
2021-05-28 11:10:00,26.4,51.7,26.2,15.6,73.8,73.2
2021-05-28 11:20:00,27.0,51.4,27.1,16.1,74.6,74.0
2021-05-28 11:30:00,27.0,47.2,26.7,14.8,74.1,73.6
2021-05-28 11:40:00,26.3,47.6,25.9,14.3,73.2,72.7
2021-05-28 11:50:00,26.6,49.5,26.4,15.2,73.9,73.3
2021-05-28 12:00:00,27.4,49.7,27.4,16.0,74.9,74.3
2021-05-28 12:10:00,28.2,49.3,28.7,16.6,75.9,75.4
2021-05-28 12:20:00,29.0,48.8,29.9,17.2,76.9,76.4
2021-05-28 12:30:00,29.8,48.3,31.2,17.7,77.8,77.4
2021-05-28 12:40:00,30.6,47.8,32.4,18.3,78.8,78.4
2021-05-28 12:50:00,31.4,47.4,33.8,18.9,79.7,79.4
2021-05-28 13:00:00,32.4,47.1,35.5,19.6,80.9,80.6
2021-05-28 13:10:00,33.2,46.7,37.2,20.3,81.9,81.7
2021-05-28 13:20:00,34.1,46.3,38.7,20.9,82.9,82.8
2021-05-28 13:30:00,34.9,45.9,40.4,21.5,83.9,83.8
2021-05-28 13:40:00,35.7,45.5,42.1,22.1,84.8,84.9
2021-05-28 13:50:00,36.4,45.2,43.6,22.6,85.7,85.8
2021-05-28 14:00:00,37.1,44.9,45.1,23.2,86.5,86.7
2021-05-28 14:10:00,37.7,44.7,46.1,23.6,87.1,87.4
2021-05-28 14:20:00,38.2,44.6,47.6,24.0,87.8,88.1
2021-05-28 14:30:00,38.8,44.6,48.9,24.5,88.4,88.8
2021-05-28 14:40:00,39.2,44.5,50.2,24.9,89.0,89.4
2021-05-28 14:50:00,39.7,44.5,51.5,25.3,89.6,90.0
2021-05-28 15:00:00,40.2,44.5,52.5,25.7,90.1,90.6
2021-05-28 15:10:00,40.6,44.5,53.8,26.2,90.7,91.2
2021-05-28 15:20:00,41.0,44.5,54.7,26.5,91.2,91.7
2021-05-28 15:30:00,41.4,44.6,55.9,26.9,91.7,92.2
2021-05-28 15:40:00,41.7,44.6,57.1,27.2,92.2,92.7
2021-05-28 15:50:00,42.0,44.7,58.0,27.5,92.6,93.2
2021-05-28 16:00:00,42.3,44.8,59.0,27.8,92.9,93.5
2021-05-28 16:10:00,42.5,45.0,59.7,28.0,93.2,93.8
2021-05-28 16:20:00,42.6,45.2,60.1,28.2,93.5,94.0
2021-05-28 16:30:00,42.8,45.4,60.7,28.4,93.7,94.2
2021-05-28 16:40:00,42.9,45.6,61.2,28.6,93.9,94.4
2021-05-28 16:50:00,43.0,45.9,62.0,28.8,94.1,94.6
2021-05-28 17:00:00,43.1,46.2,62.2,29.0,94.3,94.7
2021-05-28 17:10:00,43.0,46.4,62.5,29.0,94.2,94.6
2021-05-28 17:20:00,43.0,46.7,62.7,29.1,94.3,94.7
2021-05-28 17:30:00,43.0,46.9,62.9,29.2,94.4,94.7
2021-05-28 17:40:00,43.0,47.1,62.7,29.2,94.4,94.7
2021-05-28 17:50:00,42.9,47.1,62.7,29.2,94.3,94.6
2021-05-28 18:00:00,42.8,47.1,62.2,29.1,94.2,94.4
2021-05-28 18:10:00,42.6,46.6,61.1,28.7,93.8,94.1
2021-05-28 18:20:00,42.2,46.1,59.7,28.2,93.2,93.6
2021-05-28 18:30:00,41.3,47.3,57.9,27.8,92.4,92.6
2021-05-28 18:40:00,40.4,43.6,52.5,25.6,90.2,90.8
2021-05-28 18:50:00,38.2,44.8,47.5,24.1,87.8,88.1
2021-05-28 19:00:00,35.7,46.7,42.5,22.5,85.0,85.0
2021-05-28 19:10:00,34.5,50.0,40.8,22.5,84.1,83.8
2021-05-28 19:20:00,34.2,50.8,40.4,22.5,83.9,83.5
2021-05-28 19:30:00,34.1,50.8,40.2,22.5,83.8,83.4
2021-05-28 19:40:00,34.0,50.6,40.1,22.3,83.7,83.3
2021-05-28 19:50:00,34.0,50.2,39.8,22.2,83.5,83.1
2021-05-28 20:00:00,33.8,48.5,39.0,21.4,83.0,82.7
2021-05-28 20:10:00,32.1,51.4,36.2,20.8,81.3,80.8
2021-05-28 20:20:00,29.2,62.6,32.3,21.3,79.0,78.0
2021-05-28 20:30:00,26.7,71.1,28.9,21.1,76.6,75.5
2021-05-28 20:40:00,25.7,75.9,27.4,21.1,75.5,74.5
2021-05-28 20:50:00,25.1,78.9,26.5,21.1,74.9,73.9
2021-05-28 21:00:00,24.7,80.8,25.9,21.1,74.5,73.5
2021-05-28 21:10:00,24.4,82.2,25.8,21.2,74.2,73.3
2021-05-28 21:20:00,24.3,82.2,25.5,21.0,74.0,73.1
2021-05-28 21:30:00,24.7,81.0,25.9,21.2,74.5,73.5
2021-05-28 21:40:00,24.9,81.3,26.5,21.5,74.9,73.8
2021-05-28 21:50:00,24.9,80.8,26.3,21.4,74.8,73.8
2021-05-28 22:00:00,24.3,81.0,25.6,20.9,74.0,73.1
2021-05-28 22:10:00,24.2,81.3,25.4,20.8,73.8,73.0
2021-05-28 22:20:00,25.1,78.9,26.7,21.2,75.0,73.9
2021-05-28 22:30:00,26.2,65.9,27.3,19.3,75.1,74.3
2021-05-28 22:40:00,26.0,59.7,26.5,17.6,74.2,73.5
2021-05-28 22:50:00,25.7,61.0,26.0,17.6,73.9,73.2
2021-05-28 23:00:00,25.4,63.0,25.9,17.9,73.8,73.1
2021-05-28 23:10:00,25.6,64.4,26.3,18.4,74.1,73.4
2021-05-28 23:20:00,25.9,63.1,26.7,18.4,74.5,73.7
2021-05-28 23:30:00,25.9,59.0,26.2,17.2,73.9,73.3
2021-05-28 23:40:00,25.5,56.6,25.5,16.2,73.2,72.6
